{
    "distortion_strenght": -0.6784531552676434,
    "lt_matrix": [
        [
            -1.3449816649193264e-05,
            0.0012498677938726258,
            5.070957406995858e-15
        ],
        [
            -0.0012492978456426751,
            -1.1728941368357852e-05,
            -5.044575868140555e-15
        ],
        [
            1.2446899160333769,
            0.15696588574121315,
            0.9999999999999998
        ]
    ]
}